ID,Name
709,Acutematrices
607,Age
835,Annoyinglyarabian
563,Annoyingsmack
900,Appliesoverrated
653,Asynchronous
698,Auctiongoogle
797,Australisbetter
459,Bastingconverse
998,Belaguerra
496,Bindauthorized
809,Bloodhoundthin
822,Bonfirefailing
222,Canstrip
397,Cardinalsmacked
533,Clasticmach
529,Cleavagesling
430,Coatforked
468,Crazyclausius
417,Deliciousgeometry
93,Domtam
130,Dongcom
339,Drilllane
324,Dripcane
461,Ethanoicgreenish
375,Fase-Bam
187,Fincorporation
377,Fixlatcare
903,Flaskssunny
237,Freshholdings
176,Gravefan
933,Hayloftmizuna
113,Hot-Electrics
242,Hottam
71,Incon
373,Indiin
79,Ining
638,Interestingness
604,Interpaving
673,Interquarrelling
321,Kincon
194,Konkdom
328,Lambetech
816,Lardassare
3,Lexila
15,Lexinamex
759,Magnesiumrocked
351,Matelectronics
55,Medunoway
911,Moleculecircle
750,Mountinggregarious
999,Moviespotter
782,Needlesbosnian
919,Nescafeshameless
617,Nomarchy
81,O-Dax
880,Onlytilted
626,Ortonville
1,Over-Hex
454,Pastpumpkin
297,Phystouch
549,Picklescrudivore
855,Placehospitable
913,Putmovement
869,Queryinghovers
979,Quickpolls
182,Rankfind
432,Recognisedwimp
513,Reliablepaver
412,Relishtreasure
232,Roundla
76,Sanfan
882,Scullianpinwheel
865,Shadefronted
436,Siftercockamamie
928,Skyracket
757,Smugready
82,Solocone
69,Stanquote
734,Starbuckslyra
370,Streettaxon
211,Sumtechi
891,Surroundoutrageous
191,Tamtex
141,Techitom
184,Technodexon
840,Thrushemillwright
265,Tonbase
236,Toughfix
298,Trestouch
369,Triotexon
159,Tristone
283,Truesaokix
831,Twistedelephant
772,Vapourmammering
851,Voleworry
381,Xx-Bam
274,Xx-Com
313,Zamfax
294,Zimholding